INSERT INTO C_ROLE_TABLE VALUES ('aa6dfff1-01ad-41c8-90b5-ee4fc2c3b332', CURRENT_TIMESTAMP, 'ACTIVE', CURRENT_TIMESTAMP, 'ROLE_USER')
INSERT INTO C_ROLE_TABLE VALUES ('98a07de5-2c6c-4cf2-a69d-bf987f8c0e75', CURRENT_TIMESTAMP, 'ACTIVE', CURRENT_TIMESTAMP, 'ROLE_ADMIN')

INSERT INTO C_USER_TABLE VALUES ('4bb9c9e1-4e36-4918-b985-7ff1e605d4ec', CURRENT_TIMESTAMP, 'ACTIVE', CURRENT_TIMESTAMP, 'admin@admin.com', 'admin', 'admin', '$2a$10$nc.kUrbkNmkyRa3FXhAtUu/V8RFrmlJbhE8rhg/AllCv5rpc6qoDu', 'admin')
INSERT INTO C_USER_TABLE VALUES ('1384e9ff-e59c-4a73-9d2e-7820a0369dd3', CURRENT_TIMESTAMP, 'ACTIVE', CURRENT_TIMESTAMP, 'ksu@mail.ru', 'Ksenia', 'Kuznetsova', '$2a$10$VAN44onjZcPUPON3YADXheJjwCH3QxcaDo5uwfOuAhJ1iqwJdxDNu', 'ksu1995')
INSERT INTO C_USER_TABLE VALUES ('e79f1412-d3c6-46be-9364-2fdd14eafbac', CURRENT_TIMESTAMP, 'ACTIVE', CURRENT_TIMESTAMP, 'sasha@yandex.ru', 'Alexander', 'Korichev', '$2a$10$VAN44onjZcPUPON3YADXheJjwCH3QxcaDo5uwfOuAhJ1iqwJdxDNu', 'osemenitel')
INSERT INTO C_USER_TABLE VALUES ('6cbccd76-a884-4d06-8e4f-86c88dd3216e', CURRENT_TIMESTAMP, 'ACTIVE', CURRENT_TIMESTAMP, 'ilya@gmail.com', 'Ilya', 'Ilintsev', '$2a$10$VAN44onjZcPUPON3YADXheJjwCH3QxcaDo5uwfOuAhJ1iqwJdxDNu', 'itgmas')
INSERT INTO C_USER_TABLE VALUES ('8269acbd-b27a-4907-8510-fd6edf646d81', CURRENT_TIMESTAMP, 'NOT_ACTIVE', CURRENT_TIMESTAMP, 'hawking@gmail.com', 'Steve', 'Hawking', '$2a$10$VAN44onjZcPUPON3YADXheJjwCH3QxcaDo5uwfOuAhJ1iqwJdxDNu', 'walkstraight')
INSERT INTO C_USER_TABLE VALUES ('060e5236-0c4d-45c4-8c23-ac405de424fc', CURRENT_TIMESTAMP, 'NOT_ACTIVE', CURRENT_TIMESTAMP, 'struk@gmail.com', 'Vladislav', 'Struk', '$2a$10$VAN44onjZcPUPON3YADXheJjwCH3QxcaDo5uwfOuAhJ1iqwJdxDNu', 'talktomyself')
INSERT INTO C_USER_TABLE VALUES ('f98a0bdc-64a1-48ff-8c4d-4e282bcec489', CURRENT_TIMESTAMP, 'DELETED', CURRENT_TIMESTAMP, 'german@gmail.com', 'German', 'Boyarskiy', '$2a$10$VAN44onjZcPUPON3YADXheJjwCH3QxcaDo5uwfOuAhJ1iqwJdxDNu', 'byebae')

INSERT INTO R_USER_ROLES_TABLE VALUES ('4bb9c9e1-4e36-4918-b985-7ff1e605d4ec','98a07de5-2c6c-4cf2-a69d-bf987f8c0e75')
INSERT INTO R_USER_ROLES_TABLE VALUES ('1384e9ff-e59c-4a73-9d2e-7820a0369dd3','aa6dfff1-01ad-41c8-90b5-ee4fc2c3b332')
INSERT INTO R_USER_ROLES_TABLE VALUES ('e79f1412-d3c6-46be-9364-2fdd14eafbac','aa6dfff1-01ad-41c8-90b5-ee4fc2c3b332')
INSERT INTO R_USER_ROLES_TABLE VALUES ('6cbccd76-a884-4d06-8e4f-86c88dd3216e','aa6dfff1-01ad-41c8-90b5-ee4fc2c3b332')
INSERT INTO R_USER_ROLES_TABLE VALUES ('8269acbd-b27a-4907-8510-fd6edf646d81','aa6dfff1-01ad-41c8-90b5-ee4fc2c3b332')
INSERT INTO R_USER_ROLES_TABLE VALUES ('060e5236-0c4d-45c4-8c23-ac405de424fc','aa6dfff1-01ad-41c8-90b5-ee4fc2c3b332')
INSERT INTO R_USER_ROLES_TABLE VALUES ('f98a0bdc-64a1-48ff-8c4d-4e282bcec489','aa6dfff1-01ad-41c8-90b5-ee4fc2c3b332')